method,knn,rf,tabpfn,AVG_RANK
baseline,1.0,1.6,1.2,1.2666666666666666
tabebm,2.2,1.8,2.8,2.2666666666666666
smote,2.8,2.6,2.0,2.466666666666667
