method,ADTM,ADTM_std
baseline,0.6909648100085728,0.4282663867022305
smote,0.5017159604257064,0.46531902127764035
tabebm,0.33892061675985524,0.3980245003682497
