method,AvgRank,AvgRank_std
baseline,1.6333333333333333,0.7760791522613609
smote,2.1,0.8136762043449723
tabebm,2.2666666666666666,0.7279320417946062
