method,knn,rf,tabpfn,AVG_RANK
smote,1.4,2.2,1.6,1.7333333333333334
baseline,2.8,1.2,1.8,1.9333333333333333
tabebm,1.8,2.6,2.6,2.3333333333333335
