,mean,mean,mean,mean,mean,std,std,std,std,std
classifier,knn,lr,mlp,rf,xgboost,knn,lr,mlp,rf,xgboost
method,,,,,,,,,,
baseline,11.175839999999999,13.837309999999999,13.811179999999998,12.34117,10.62576,1.8663108602564336,1.8322462828451858,1.6983069744765098,1.2108145477322283,1.4044142647777083
ctgan,11.175839999999999,13.837309999999999,14.21093,12.5123,10.62576,1.8663108602564336,1.8322462828451858,2.0280436451856203,0.8524690714493854,1.4044142647777083
smote,11.175839999999999,13.837309999999999,13.60448,12.31766,10.62576,1.8663108602564336,1.8322462828451858,1.292770290500211,0.9629534570499476,1.4044142647777083
tabebm,15.261510000000001,14.03458,14.638169999999999,14.12358,11.13176,1.9843385264784497,1.9792187963941732,1.8900263708036817,2.6218454581119426,1.8641356937972329
tvae,13.01316,11.66828,13.160990000000002,12.11552,10.70241,1.1922755872699904,1.846886184786587,1.76253773510432,1.2086397632600594,1.9433047073077456
