,mean,mean,mean,mean,mean,std,std,std,std,std
classifier,knn,lr,mlp,rf,xgboost,knn,lr,mlp,rf,xgboost
method,,,,,,,,,,
baseline,18.06467,19.73665,20.05844,18.76897,17.154429999999998,1.4804750093954455,2.0081729663497048,1.51504736354273,1.787086201396626,1.557133770068869
ctgan,17.94249,18.84013,19.19079,16.939709999999998,16.075210000000002,1.4541272521497024,1.860922929355217,1.1377243900289153,1.8238135908950055,0.792357097455995
smote,18.97122,19.611349999999998,19.555529999999997,19.227449999999997,16.63227,1.428128679076224,1.561237512893751,1.4022524674014076,1.645615182673168,1.168215708819794
tabebm,18.82132,20.49022,19.35352,19.32381,16.85335,1.3590609967506575,1.6107496355562043,1.3067467711840735,1.4282599043358084,1.4819384821914847
tvae,21.229589999999998,21.026049999999998,19.57001,19.53144,17.62094,1.3607741223697312,1.3707179450930087,1.3634074661588802,1.7279940497582742,1.6196783913961317
