,mean,mean,mean,mean,mean,std,std,std,std,std
classifier,knn,lr,mlp,rf,xgboost,knn,lr,mlp,rf,xgboost
method,,,,,,,,,,
baseline,16.54552,21.84722,22.40505,18.649620000000002,16.11167,3.7079424689292164,6.1216357860733055,6.95785821982758,4.024605599945305,5.291648668326347
ctgan,16.54552,21.84722,23.12068,19.20421,16.11167,3.7079424689292164,6.1216357860733055,6.749521291634115,5.408437262781591,5.291648668326347
smote,16.54552,21.84722,21.58665,18.81951,16.11167,3.7079424689292164,6.1216357860733055,6.459691652126714,5.071375787134427,5.291648668326347
tabebm,22.5841,22.21632,23.49023,20.36765,16.852510000000002,7.116731720233507,6.18148584687461,6.724117735774378,5.637876484053587,4.022768771892204
tvae,17.15097,18.83181,20.38562,15.550370000000001,16.076060000000002,5.573906708354962,5.25833534188023,5.328776438212101,3.1682039931692105,3.5652641458008882
