,mean,mean,mean,mean,mean,std,std,std,std,std
classifier,knn,lr,mlp,rf,xgboost,knn,lr,mlp,rf,xgboost
method,,,,,,,,,,
baseline,21.21387,32.4459,33.91114,42.028949999999995,29.68938,5.951039149976711,6.9804807368674675,8.093221265726028,8.725255829964722,7.571196547412804
ctgan,21.21387,32.4459,34.34424,42.3646,29.68938,5.951039149976711,6.9804807368674675,9.240299919759698,7.033423510164401,7.571196547412804
smote,21.21387,32.4459,34.504020000000004,42.608889999999995,29.68938,5.951039149976711,6.9804807368674675,8.52900888012982,8.332530400977976,7.571196547412804
tabebm,34.54774,32.37287,33.60631,43.36927,37.73816,7.277899689883062,6.294903058833482,8.650395599489462,9.354069927523527,6.971663926878099
tvae,25.4283,27.285239999999998,30.84342,38.556619999999995,34.857150000000004,9.017372916271741,8.08921643756537,8.817862828473675,8.82235808296172,7.83826947316108
