,mean,mean,mean,mean,mean,std,std,std,std,std
classifier,knn,lr,mlp,rf,xgboost,knn,lr,mlp,rf,xgboost
method,,,,,,,,,,
baseline,40.765699999999995,34.83527,58.58546,68.22026,64.83764,2.606000674085356,1.1321273378026,2.1487577781903053,2.5342098892291176,2.4881897927788583
ctgan,41.691649999999996,35.90305,53.057629999999996,68.17482,64.82451,2.1398727871067473,1.4071081813026627,3.8768517095562056,1.6722025939194995,3.1196336634825155
smote,45.78953,38.402100000000004,59.198620000000005,68.75154,65.35240999999999,3.456276107813789,3.0325797386237214,2.570822574715467,1.215689643508298,2.018746714314489
tabebm,47.61364,41.28439,59.155089999999994,68.28043,66.13342,3.0564530085996378,2.611878619542308,2.503344188369719,1.4250572261803718,2.0547172721434137
tvae,44.42806,38.72871,58.08514,68.39253,66.18907,3.4060720189423797,2.838442955585177,3.021509911065437,2.333775458136453,3.5813380184413424
