,mean,mean,mean,mean,mean,std,std,std,std,std
classifier,knn,lr,mlp,rf,xgboost,knn,lr,mlp,rf,xgboost
method,,,,,,,,,,
baseline,92.12868,97.81511,97.93589,92.3149,91.77076,0.5855440524275971,0.6801179153483458,0.7582645323368353,0.7472972292795491,1.1102566021720652
ctgan,92.12868,97.81511,97.83487,92.2701,91.77076,0.5855440524275971,0.6801179153483458,0.6820716613540153,0.9577189822118436,1.1102566021720652
smote,93.04875999999999,97.79666,98.01756,92.59244,91.97013,0.9521583390732133,0.5683454860870748,0.6938573455689593,1.0876590133554405,1.2592435181047743
tabebm,92.935,97.89372999999999,97.97409,92.68818999999999,92.67414,0.8987767168027138,0.6929777630711638,0.8011323353714928,1.050755802532421,1.3323428564416542
tvae,92.16821999999999,97.35443000000001,97.53538,91.8511,92.09222,0.5917792508847999,0.744310386345792,0.8612738379865054,1.224436198600992,1.2217142562809031
